{
  "com.activision.callofduty.shooter": {
    "config": {
      "aim_assist": {
        "enabled": true,
        "strength": 2.0,
        "smoothness": 1.0,
        "range": 1000
      },
      "weapon_control": {
        "recoil_reduction": {
          "enabled": true,
          "horizontal": 0.0,
          "vertical": 0.0
        },
        "damage_increase": {
          "enabled": true,
          "multiplier": 3.0
        }
      },
      "network_optimization": {
        "tcp_no_delay": true,
        "buffer_size": 1048576
      },
      ////Made by Smoke Config
      "graphics": {
        "resolution": "4k",
        "fps_limit": 120,
        "texture_quality": "ultra",
        "shadow_quality": "low",
        "particle_quality": "low"
      },
      "performance": {
        "cpu_optimization": true,
        "gpu_optimization": true,
        "memory_optimization": true
      }
    }
  }
}
