{
  "project_info": {
    "project_number": "51047096462",
    "firebase_url": "https://cod-legends.firebaseio.com",
    "project_id": "cod-legends",
    "storage_bucket": "cod-legends.appspot.com"
  },
  "client": [
    {
      "client_info": {
        "mobilesdk_app_id": "1:51047096462:android:aa3e9eca9c3feeda",
        "android_client_info": {
          "package_name": "com.activision.callofduty.shooter"
        }
      },
      "oauth_client": [
        {
          "client_id": "51047096462-4rrk8rqc668j3jevhv8od86s6s79vj4c.apps.googleusercontent.com",
          "client_type": 3
        }
      ],
      "api_key": [
        {
          "current_key": "AIzaSyDof2-utPy8K1gmW7Sgan94gFCjfSfgaMQ"
        }
      ],
      "services": {
        "appinvite_service": {
          "other_platform_oauth_client": [
            {
              "client_id": "51047096462-4rrk8rqc668j3jevhv8od86s6s79vj4c.apps.googleusercontent.com",
              "client_type": 3
            },
            {
              "client_id": "51047096462-dc4lvd1tccm0eo8stli64vk1lqleas4q.apps.googleusercontent.com",
              "client_type": 2,
              "ios_info": {
                "bundle_id": "com.activision.callofduty.shooter",
                "app_store_id": "1287282214"
              }
            }
          ]
        }
      }
    }
  ],
  "configuration_version": "1" 
  @im_tommys
}