<ModLoader>
    <General>
        <Version>1.0</Version>
        <Enabled>true</Enabled>
    </General>
    <Mod>
        <Name>Weather Extension</Name>
        <Author>John Doe</Author>
        <Enabled>true</Enabled>
    </Mod>
    <Mod>
        <Name>News Aggregator</Name>
        <Author>Jane Smith</Author>
        <Enabled>false</Enabled>
    </Mod>
</ModLoader>


import xml.etree.ElementTree as ET

tree = ET.parse('modloader.xml')
root = tree.getroot()

version = root.find('General/Version').text
general_enabled = root.find('General/Enabled').text == 'true'

mods = root.findall('Mod')
mods_info = []

for mod in mods:
    name = mod.find('Name').text
    author = mod.find('Author').text
    enabled = mod.find('Enabled').text == 'true'
    mods_info.append({
        'name': name,
        'author': author,
        'enabled': enabled
    })

print(f"Version: {version}")
print(f"General Enabled: {general_enabled}")

for mod in mods_info:
    print(f"Mod Name: {mod['name']}")
    print(f"Author: {mod['author']}")
    print(f"Enabled: {mod['enabled']}")
