<com.activision.callofduty.shooter>
    <config>
           
        <touch.sensitivity value="0.1"/>
        <touch.acceleration value="0.8"/>
        <touch.deadzone value="0.01"/>

           
        <aim.assist value="true"/>
        <aim.assist.strength value="1.0"/>
        <aim.assist.smoothness value="0.8"/>
        <aim.steadiness value="true"/>
        <aim.steadiness.amount value="1.0"/>

           
        <weapon.qq9.recoil_reduction value="0.7"/>
        <weapon.qq9.vertical_recoil_reduction value="0.8"/>
        <weapon.qq9.horizontal_recoil_reduction value="0.75"/>

           
        <boot.fps value="90"/>
        <see.fps value="90"/>
        <ro.system.lock.fps value="90"/>

          
        <game.accelerate.hw value="true"/>
        <hm2d.force.cpu.maxspeed value="true"/>

           
        <setprop name="debug.sf.high_fps_early_phase_offset_ns" value="6500000"/>
        <setprop name="debug.egl.profiler" value="1"/>
        <setprop name="debug.hwui.fps_divisor" value="-1"/>
        <setprop name="debug.sf.hw" value="1"/>
        <setprop name="debug.composition.type" value="dyn"/>

           
        <persist.sys.POWERMODE value="1"/>
        <windowsmgr.max_events_per_sec value="60"/>

           
        <setprop name="debug.rs.gpu_rendering" value="1"/>
        <setprop name="debug.rs.egl_swap_interval" value="0"/>
        <setprop name="debug.rs.precision" value="high"/>

           
        <persist.sys.net.dns value="8.8.8.8,8.8.4.4"/>
        <persist.sys.net.tcp_buff_size value="524288,1048576,2097152,524288,1048576,2097152"/>
        <persist.sys.net.tcp_window_scaling value="true"/>
    </config>
    
    <BoostConfigs>
        <PerfBoost>
               
            <Config Id="0x00001081" Type="1" Enable="true" Timeout="2000" Target="sdm750"
                    Resources="0x40804000, 0xFFF, 0x40804100, 0xFFF, 0x40800000, 1747, 0x40800100, 1400"/>
            <Config Id="0x00001080" Type="1" Enable="true" Target="sdm750" Resolution="1080p"
                    Resources="0x41800000, 0x31, 0x40800000, 1100, 0x40800100, 1100"/>
            <Config Id="0x00001080" Type="1" Enable="true" Target="sdm750" Resolution="2560"
                    Resources="0x41800000, 0x31, 0x40800000, 1100, 0x40800100, 1100, 0x4280C000, 266"/>
            <Config Id="0x00001080" Type="2" Enable="true" Target="sdm750" Resolution="1080p"
                    Resources="0x41800000, 0x31, 0x40800000, 1100, 0x40800100, 1100"/>
            <Config Id="0x00001080" Type="2" Enable="true" Target="sdm750" Resolution="2560"
                    Resources="0x41800000, 0x31, 0x40800000, 1100, 0x40800100, 1100, 0x4280C000, 266"/>
            <Config Id="0x00001080" Type="4" Enable="true" Timeout="80" Target="sdm750" Resolution="1080p"
                    Resources="0x41800000, 0x31, 0x40800000, 1100, 0x40800100, 1100"/>
            <Config Id="0x00001080" Type="4" Enable="true" Timeout="80" Target="sdm750" Resolution="2560"
                    Resources="0x41800000, 0x31, 0x40800000, 1100, 0x40800100, 1100, 0x4280C000, 266"/>
            <Config Id="0x00001086" Enable="true" Target="sdm750"
                    Resources="0x40804000, 0xFFF, 0x40804100, 0xFFF, 0x40800000, 1800, 0x40800100, 1400, 0x42C10000, 0x1"/>
            <Config Id="0x00001088" Enable="true" Target="sdm750"
                    Resources="0x40804000, 0xFFF, 0x40804100, 0xFFF, 0x40800000, 0xFFF, 0x40800100, 0xFFF"/>
            <Config Id="0x00001089" Enable="true" Timeout="1500" Target="sdm750"
                    Resources="0x40804000, 0xFFF, 0x40804100, 0xFFF, 0x40800000, 0xFFF, 0x40800100, 0xFFF"/>
            <Config Id="0x00001090" Enable="true" Timeout="1000" Target="sdm750"
                    Resources="0x40800100, 1000, 0x4280C000, 596"/>
            <Config Id="0x00001041" Enable="true" Timeout="0" Target="750"
                    Resources="0x40000000, 1"/>
            <Config Id="0x00001040" Enable="true" Timeout="0" Target="sdm750"
                    Resources="0x40000000, 0x0"/>
        </PerfBoost>
    </BoostConfigs>
</com.activision.callofduty.shooter>

   <!-- Dont try to Copy paste my file
   AliSMOKE Always on top -->