<com.activision.callofduty.shooter>
    <config>
           <!-- PTGCONFIGS -->
        <touch.sensitivity value="1.0"/>
        <touch.acceleration value="1.0"/>
        <touch.deadzone value="0.1"/>

           <!-- PTGCONFIGS -->
        <aim.assist value="true"/>
        <aim.assist.strength value="1.0"/>
        <aim.assist.smoothness value="1.0"/>
        <aim.steadiness value="true"/>
        <aim.steadiness.amount value="1.0"/>

           <!-- PTGCONFIGS -->
        <weapon.recoil_reduction value="1.0"/>
        <weapon.vertical_recoil_reduction value="1.0"/>
        <weapon.horizontal_recoil_reduction value="1.0"/>

           <!-- PTGCONFIGS -->
        <weapon.damage_multiplier value="3.0"/>
        <weapon.headshot_multiplier value="3.0"/>

          <!-- PTGCONFIGS -->
        <boot.fps value="120"/>
        <see.fps value="120"/>
        <ro.system.lock.fps value="120"/>

           <!-- PTGCONFIGS -->
        <game.accelerate.hw value="true"/>
        <hm2d.force.cpu.maxspeed value="true"/>

           <!-- PTGCONFIGS -->
        <setprop name="debug.sf.high_fps_early_phase_offset_ns" value="6500000"/>
        <setprop name="debug.egl.profiler" value="1"/>
        <setprop name="debug.hwui.fps_divisor" value="-1"/>
        <setprop name="debug.sf.hw" value="1"/>
        <setprop name="debug.composition.type" value="dyn"/>

           <!-- PTGCONFIGS -->
        <persist.sys.POWERMODE value="1"/>
        <windowsmgr.max_events_per_sec value="60"/>

           <!-- PTGCONFIGS -->
        <setprop name="debug.rs.gpu_rendering" value="1"/>
        <setprop name="debug.rs.egl_swap_interval" value="0"/>
        <setprop name="debug.rs.precision" value="high"/>

           <!-- PTGCONFIGS -->
        <persist.sys.net.dns value="8.8.8.8,8.8.4.4"/>
        <persist.sys.net.tcp_buff_size value="524288,1048576,2097152,524288,1048576,2097152"/>
        <persist.sys.net.tcp_window_scaling value="true"/>
    </config>
</com.activision.callofduty.shooter>

   <!-- PTGCONFIGS -->